{
    "list": [
        {
            "name": "Left Eye",
            "localPose": {
                "position": {
                    "x": -0.03200000151991844,
                    "y": -0.07029999792575836,
                    "z": -0.004999999888241291
                },
                "rotation": {
                    "x": 0.7071068286895752,
                    "y": -3.4312580480101806e-15,
                    "z": 6.036982030813501e-14,
                    "w": 0.7071068286895752
                }
            },
            "localScale": {
                "x": 1.0,
                "y": 1.0,
                "z": 1.0
            }
        },
        {
            "name": "Right Eye",
            "localPose": {
                "position": {
                    "x": 0.03200000151991844,
                    "y": -0.07029999047517777,
                    "z": -0.005000005476176739
                },
                "rotation": {
                    "x": 0.7071068286895752,
                    "y": -3.4312580480101806e-15,
                    "z": 6.036982030813501e-14,
                    "w": 0.7071068286895752
                }
            },
            "localScale": {
                "x": 1.0,
                "y": 1.0,
                "z": 1.0
            }
        },
        {
            "name": "Left Screen",
            "localPose": {
                "position": {
                    "x": -0.0020000000949949028,
                    "y": -0.004999999888241291,
                    "z": 0.0
                },
                "rotation": {
                    "x": 0.0,
                    "y": 0.0,
                    "z": 0.0,
                    "w": 1.0
                }
            },
            "localScale": {
                "x": 1.0,
                "y": 1.0,
                "z": 1.0
            }
        },
        {
            "name": "Right Screen",
            "localPose": {
                "position": {
                    "x": 0.0,
                    "y": 0.0,
                    "z": 0.0
                },
                "rotation": {
                    "x": 0.0,
                    "y": 0.0,
                    "z": 0.003926977049559355,
                    "w": 0.999992311000824
                }
            },
            "localScale": {
                "x": 1.0,
                "y": 1.0,
                "z": 1.0
            }
        },
        {
            "name": "Leap Hand Controller",
            "localPose": {
                "position": {
                    "x": -49.551170349121097,
                    "y": 8.345807075500489,
                    "z": 21.289051055908204
                },
                "rotation": {
                    "x": -1.2665982751514094e-7,
                    "y": 0.020978383719921113,
                    "z": 0.9997799396514893,
                    "w": -4.4703469370688256e-8
                }
            },
            "localScale": {
                "x": 1000.015625,
                "y": 1000.0159912109375,
                "z": 1000.013916015625
            }
        }
    ]
}