{
    "list": [
        {
            "name": "Left Eye",
            "localPose": {
                "position": {
                    "x": -0.03200000151991844,
                    "y": -0.07999999821186066,
                    "z": -0.003700000001117587
                },
                "rotation": {
                    "x": 0.7071068286895752,
                    "y": -3.4312580480101806e-15,
                    "z": 6.036982030813501e-14,
                    "w": 0.7071068286895752
                }
            },
            "localScale": {
                "x": 1.0,
                "y": 1.0,
                "z": 1.0
            }
        },
        {
            "name": "Right Eye",
            "localPose": {
                "position": {
                    "x": 0.03200000151991844,
                    "y": -0.07999999821186066,
                    "z": -0.003700000001117587
                },
                "rotation": {
                    "x": 0.7071068286895752,
                    "y": -3.4312580480101806e-15,
                    "z": 6.036982030813501e-14,
                    "w": 0.7071068286895752
                }
            },
            "localScale": {
                "x": 1.0,
                "y": 1.0,
                "z": 1.0
            }
        },
        {
            "name": "Left Screen",
            "localPose": {
                "position": {
                    "x": 0.0010000000474974514,
                    "y": 0.019999999552965165,
                    "z": 0.0
                },
                "rotation": {
                    "x": 0.0,
                    "y": 0.0,
                    "z": 0.0,
                    "w": 1.0
                }
            },
            "localScale": {
                "x": 1.0,
                "y": 1.0,
                "z": 1.0
            }
        },
        {
            "name": "Right Screen",
            "localPose": {
                "position": {
                    "x": -0.006000000052154064,
                    "y": -0.008999999612569809,
                    "z": 0.0
                },
                "rotation": {
                    "x": 0.0,
                    "y": 0.0,
                    "z": 0.0,
                    "w": 1.0
                }
            },
            "localScale": {
                "x": 1.0,
                "y": 1.0,
                "z": 1.0
            }
        },
        {
            "name": "Leap Hand Controller",
            "localPose": {
                "position": {
                    "x": -49.550872802734378,
                    "y": 8.346244812011719,
                    "z": 21.288475036621095
                },
                "rotation": {
                    "x": 0.009249551221728325,
                    "y": -0.010907581076025963,
                    "z": 0.9998977780342102,
                    "w": 0.00010118139471160248
                }
            },
            "localScale": {
                "x": 1000.015625,
                "y": 1000.0159912109375,
                "z": 1000.013916015625
            }
        }
    ]
}