{
    "list": [
        {
            "name": "Left Eye",
            "localPose": {
                "position": {
                    "x": -0.03200000151991844,
<<<<<<< HEAD
                    "y": -0.004800000227987766,
                    "z": 0.02070000022649765
=======
                    "y": 0.001063734875060618,
                    "z": 0.007198086008429527
>>>>>>> optitrack
                },
                "rotation": {
                    "x": 0.0,
                    "y": 4.0261644387341869e-14,
                    "z": 4.5102803599133409e-14,
                    "w": 1.0
                }
            },
            "localScale": {
                "x": 1.0,
                "y": 1.0,
                "z": 1.0
            },
            "vertexIndices": [],
            "controlPoints": []
        },
        {
            "name": "Right Eye",
            "localPose": {
                "position": {
                    "x": 0.03200000151991844,
<<<<<<< HEAD
                    "y": -0.004800000227987766,
                    "z": 0.02070000022649765
=======
                    "y": 0.001063734875060618,
                    "z": 0.007198086008429527
>>>>>>> optitrack
                },
                "rotation": {
                    "x": 0.0,
                    "y": 4.0261644387341869e-14,
                    "z": 4.5102803599133409e-14,
                    "w": 1.0
                }
            },
            "localScale": {
                "x": 1.0,
                "y": 1.0,
                "z": 1.0
            },
            "vertexIndices": [],
            "controlPoints": []
        },
        {
            "name": "Left Screen",
            "localPose": {
                "position": {
                    "x": 0.0,
                    "y": 0.0,
                    "z": 0.0
                },
                "rotation": {
                    "x": 0.0,
                    "y": 0.0,
                    "z": 0.0,
                    "w": 1.0
                }
            },
            "localScale": {
                "x": 1.0,
                "y": 1.0,
                "z": 1.0
            },
            "vertexIndices": [],
            "controlPoints": []
        },
        {
            "name": "Right Screen",
            "localPose": {
                "position": {
                    "x": 0.0,
<<<<<<< HEAD
                    "y": 0.029999999329447748,
=======
                    "y": 0.03999999910593033,
>>>>>>> optitrack
                    "z": 0.0
                },
                "rotation": {
                    "x": 0.0,
                    "y": 0.0,
<<<<<<< HEAD
                    "z": -0.008726464584469796,
                    "w": 0.9999619722366333
=======
                    "z": -0.014049354940652848,
                    "w": 0.999901294708252
>>>>>>> optitrack
                }
            },
            "localScale": {
                "x": 1.0,
                "y": 1.0,
                "z": 1.0
            },
            "vertexIndices": [],
            "controlPoints": []
        },
        {
            "name": "Leap Hand Controller",
            "localPose": {
                "position": {
                    "x": -0.000010114869837707374,
                    "y": 0.03521612286567688,
                    "z": 0.10553791373968125
                },
                "rotation": {
<<<<<<< HEAD
                    "x": 0.08715570718050003,
                    "y": -6.661337300717992e-15,
                    "z": -3.3972821165398e-14,
                    "w": 0.9961947202682495
=======
                    "x": 0.08767733722925186,
                    "y": 0.0,
                    "z": 0.0,
                    "w": 0.996148943901062
>>>>>>> optitrack
                }
            },
            "localScale": {
                "x": 1.0,
                "y": 1.0,
                "z": 1.0
            },
            "vertexIndices": [],
            "controlPoints": []
        }
    ]
}